Date & Time,use [kW],gen [kW],HVAC [kW],Garage [kW],Main House + Pumps [kW],Water Heater [kW],Heat Pump [kW],Heaters - upstairs [kW],Heater - downstairs [kW],Range [kW],HRV [kW],Dishwasher [kW],Main House [kW],Washer and Dryer [kW],KitL MasLP BathLP LoftLP GueLP [kW],KitP LivLP StairsUpLP [kW],Well Pump [kW],Booster Pump [kW],Garage Water Heater [kW],Solar Net [kW],Main Grid [kW],Solar Pos [kW],Septic Pump [kW]
3/25/2017 0:00,1.76653735,1.424598519,-0.59365338,-0.543254086,-1.223283264,-0.09644331,-0.467159086,-0.039740613,-0.036134294,-0.023546586,-0.050619387,-0.000960127,-1.141614641,-0.149200023,-0.11014081,-0.081811169,-0.052877697,-0.028790926,-0.093588542,1.416752859,-0.349784491,1.424598519,-0.000070266
3/24/2017 0:00,1.541745428,0.820349387,-0.487080509,-0.508036887,-1.033708542,-0.075462951,-0.375791285,-0.02761919,-0.033112975,-0.013732234,-0.05055706,-0.000934606,-0.948607847,-0.068933472,-0.136731794,-0.079426725,-0.05652787,-0.028572824,-0.046166019,0.812254907,-0.729490521,0.820349387,0.000077998
3/23/2017 0:00,1.549318681,1.213044653,-0.408014815,-0.518728576,-1.030590104,-0.110129387,-0.329650069,-0.011157141,-0.0164275,-0.022337512,-0.050780104,-0.000725914,-0.953027882,-0.048468067,-0.167677442,-0.101318056,-0.048850741,-0.028711481,-0.044573912,1.203879803,-0.345438877,1.213044653,0.000011736
3/22/2017 0:00,1.722075208,0.792702662,-0.412469514,-0.511174977,-1.210900231,-0.201333669,-0.351529051,-0.006094282,-0.004236157,-0.027261123,-0.050610023,-0.032425787,-1.109786215,-0.021652222,-0.200196794,-0.133961088,-0.066800706,-0.03431331,-0.04122941,0.784620475,-0.937454734,0.792702662,0.000009306
3/21/2017 0:00,1.958059294,0.429200139,-0.464772106,-0.544012604,-1.41404669,-0.124196678,-0.396879549,-0.007110359,-0.0103636,-0.035343113,-0.0504186,-0.000637558,-1.151385451,-0.082601123,-0.229911782,-0.128204491,-0.184435926,-0.078225313,-0.093653125,0.421755961,-1.536303333,0.429200139,0.000285544
3/20/2017 0:00,1.512532269,0.760399109,-0.448602951,-0.30610662,-1.206425648,-0.143684583,-0.372846956,-0.005127188,-0.020253438,-0.107173299,-0.05037537,-0.027588264,-1.123188044,-0.002721042,-0.167549699,-0.133365359,-0.051936134,-0.03130147,-0.074597639,0.752578738,-0.75995353,0.760399109,-0.00864441
3/19/2017 0:00,2.268727766,1.391843148,-0.574908715,-0.59512463,-1.673603137,-0.284437593,-0.495147546,-0.009901076,-0.019763437,-0.08108581,-0.050096655,-0.031735752,-1.556606736,-0.167374734,-0.198681944,-0.141797037,-0.077174259,-0.039822141,-0.043745266,1.384222569,-0.884505197,1.391843148,-0.000055509
3/18/2017 0:00,2.157709132,0.813622326,-0.484163368,-0.578674502,-1.57903463,-0.299919687,-0.425393692,-0.004457593,-0.004209016,-0.144620255,-0.050103067,-0.033899537,-1.474869074,-0.099794734,-0.198314201,-0.137226331,-0.066374838,-0.037790718,-0.044698229,0.8051639,-1.352545231,0.813622326,0.000109259
3/17/2017 0:00,2.186155486,0.305405683,-0.61266022,-0.728105012,-1.458050475,-0.16524794,-0.542185613,-0.00665544,-0.013771134,-0.108322824,-0.050048032,-0.029611667,-1.352821748,-0.076095938,-0.148479132,-0.122975868,-0.071804618,-0.033424109,-0.080809097,0.297121319,-1.889034167,0.305405683,0.000083553
3/16/2017 0:00,2.023269595,1.224549873,-0.442251447,-0.566228102,-1.457041493,-0.189438461,-0.381836632,-0.005703137,-0.003972049,-0.026090405,-0.05073963,-0.031587164,-1.353386412,-0.29865713,-0.143808947,-0.140779201,-0.067329792,-0.036325289,-0.073862523,1.216653947,-0.806615648,1.224549873,-0.003799491
3/15/2017 0:00,1.788194826,0.434175822,-0.439851262,-0.475485023,-1.312709803,-0.199080046,-0.382254282,-0.004420278,-0.00250015,-0.090264965,-0.050676551,-0.034147789,-1.20652434,-0.031219294,-0.159396933,-0.145585544,-0.069953843,-0.03623162,-0.039476343,0.425165787,-1.363029039,0.434175822,-0.005391435
3/14/2017 0:00,1.472785498,0.508812581,-0.305821562,-0.389340521,-1.083444977,-0.127907338,-0.248093299,-0.004386493,-0.002473229,-0.038367755,-0.050868542,-0.000572326,-0.983018461,-0.048108275,-0.175683912,-0.204961933,-0.066072616,-0.0343539,-0.119436898,0.499920046,-0.972865451,0.508812581,-0.000207546
3/13/2017 0:00,2.179615938,0.178788426,-0.464805602,-0.76458081,-1.415035127,-0.187761285,-0.407485313,-0.004374502,-0.002493438,-0.037549329,-0.05045235,-0.060727894,-1.307799421,-0.159943912,-0.177685069,-0.133174931,-0.073119537,-0.034116169,-0.04680338,0.169940625,-2.009675312,0.178788426,0.000010694
3/11/2017 23:00,1.969690023,0.475949213,-0.428688125,-0.444312546,-1.525377477,-0.315949861,-0.371265752,-0.00435184,-0.002701991,-0.059174988,-0.050368542,-0.032404329,-1.402384583,-0.119258692,-0.18305434,-0.17284456,-0.080677396,-0.042315498,-0.089254931,0.467427963,-1.50226206,0.475949213,-0.000049549
3/10/2017 23:00,1.674290775,0.40055603,-0.549248009,-0.481623993,-1.192666782,-0.11976184,-0.46081412,-0.012707199,-0.025851678,-0.02009375,-0.049875012,-0.001006134,-1.103294028,-0.002880104,-0.176702882,-0.154034028,-0.060294907,-0.029077847,-0.045658727,0.391967882,-1.282322894,0.40055603,-0.007218646
3/9/2017 23:00,1.557032199,0.91220228,-0.451040891,-0.265749155,-1.291283044,-0.196106262,-0.365521146,-0.008636597,-0.026303958,-0.068733877,-0.05057919,-0.030788414,-1.211651667,-0.002876574,-0.149268356,-0.23360934,-0.048469688,-0.03116169,-0.043020289,0.903478484,-0.653553715,0.91220228,-0.000436354
3/8/2017 23:00,2.461773947,0.223871944,-0.5866825,-0.678541389,-1.783232558,-0.443018773,-0.41618566,-0.039148738,-0.081604387,-0.070791597,-0.049743715,-0.033153681,-1.662695926,-0.002867396,-0.141539167,-0.287878461,-0.075088287,-0.045448345,-0.078461192,0.214836921,-2.246937025,0.223871944,-0.000572326
3/7/2017 23:00,2.436077593,0.355375683,-0.766158646,-0.791934919,-1.644142674,-0.175467708,-0.604720868,-0.055928218,-0.055835382,-0.027649861,-0.049674178,-0.000761412,-1.52861816,-0.181563449,-0.129516285,-0.168651655,-0.082187338,-0.033337176,-0.041221921,0.346666748,-2.089410845,0.355375683,-0.000074907
3/6/2017 23:00,2.564839618,0.23053588,-0.743063553,-0.852408148,-1.71243147,-0.127334213,-0.634814491,-0.044075278,-0.014698333,-0.017500046,-0.049475451,-0.064822269,-1.425099977,-0.002863241,-0.152618866,-0.239695058,-0.193382488,-0.093949005,-0.102856238,0.222713623,-2.342125995,0.23053588,-0.004896528
3/5/2017 23:00,1.94633162,0.816166007,-0.769920556,-0.548828183,-1.397503438,-0.147707257,-0.606005671,-0.077678438,-0.036576296,-0.034204525,-0.04966015,-0.000690833,-1.313317558,-0.010048206,-0.131672685,-0.147520637,-0.054323322,-0.029862558,-0.042945116,0.807487789,-1.138843831,0.816166007,-0.002643403
3/4/2017 23:00,3.00207919,0.320001586,-0.641002106,-0.803511111,-2.198568079,-0.456570671,-0.545285,-0.02152985,-0.024934977,-0.14574397,-0.04925228,-0.032870613,-2.064399803,-0.386340058,-0.151755891,-0.16602206,-0.085167002,-0.049001273,-0.09122316,0.311889178,-2.690190012,0.320001586,0.000121181
3/3/2017 23:00,2.44679537,0.656118275,-0.654626192,-0.887203669,-1.559591701,-0.253094271,-0.533428866,-0.015865972,-0.055471296,-0.055446713,-0.049860058,-0.035502396,-1.460308843,-0.01044831,-0.199196655,-0.159438484,-0.062558565,-0.036724294,-0.037993287,0.647470694,-1.799324676,0.656118275,0.000105486
3/2/2017 23:00,1.89080213,0.230932292,-0.513035498,-0.539409063,-1.351393067,-0.184403345,-0.414760289,-0.027038345,-0.020923623,-0.155042361,-0.050313241,-0.029394352,-1.252009236,-0.00278191,-0.149032141,-0.126599965,-0.06529985,-0.034083981,-0.095770938,0.222508669,-1.668293461,0.230932292,-0.007305949
3/1/2017 23:00,1.79323978,0.545067731,-0.475773322,-0.552216991,-1.241022789,-0.168656516,-0.378903958,-0.022973356,-0.023591701,-0.017537766,-0.050304306,-0.033119363,-1.135289606,-0.108608449,-0.119326539,-0.135252338,-0.072201852,-0.033531331,-0.076631609,0.536497083,-1.256742697,0.545067731,-0.000225926
2/28/2017 23:00,2.341636007,0.500764444,-0.617223229,-0.629273773,-1.712362234,-0.368057512,-0.522200579,-0.013467002,-0.031347662,-0.038622292,-0.050207986,-0.000659769,-1.583385347,-0.161578704,-0.170721829,-0.141423287,-0.082011644,-0.046965243,-0.076921609,0.492822627,-1.84881338,0.500764444,0.000120359
2/27/2017 23:00,2.323021933,0.809900266,-0.746232083,-0.782963449,-1.540058484,-0.288293299,-0.584840509,-0.031188854,-0.079653958,-0.022954954,-0.050548762,-0.000862512,-1.418048669,-0.002921204,-0.166755243,-0.114115405,-0.082117778,-0.039892037,-0.09108125,0.801743785,-1.521278148,0.809900266,0.000161678
2/26/2017 23:00,2.069119097,0.443682269,-0.594742569,-0.637688935,-1.431430162,-0.138333218,-0.428883843,-0.059747431,-0.056287118,-0.116346771,-0.049824178,-0.028490174,-1.344203565,-0.085080301,-0.150865382,-0.145498206,-0.05393059,-0.033296007,-0.043562847,0.435221678,-1.633897419,0.443682269,-0.008328391
2/25/2017 23:00,2.579480671,0.252655903,-0.736529421,-0.613861759,-1.965618912,-0.269792269,-0.62302316,-0.013912685,-0.049849954,-0.13467772,-0.049743623,-0.023476701,-1.852378623,-0.319576435,-0.143191586,-0.145330116,-0.074363391,-0.038876898,-0.046509444,0.244713056,-2.334767616,0.252655903,0.000131794
2/24/2017 23:00,2.33274544,0.858413449,-0.77316162,-0.441461215,-1.891284225,-0.333902419,-0.649251296,-0.007231493,-0.066454491,-0.045041435,-0.05022434,-0.066020012,-1.782426354,-0.15218956,-0.146812002,-0.189104063,-0.068092269,-0.040765602,-0.091018762,0.849828241,-1.482917199,0.858413449,-0.000266736
2/23/2017 23:00,2.118591644,0.775382639,-0.711424942,-0.568061204,-1.55053044,-0.209299826,-0.571288426,-0.007091701,-0.082594016,-0.02325066,-0.050450799,-0.000792095,-1.438415671,-0.064116157,-0.186878484,-0.165883171,-0.077043819,-0.035070949,-0.041297072,0.766923148,-1.351668495,0.775382639,0.000086701
2/22/2017 23:00,2.319717824,0.586390822,-0.692925926,-0.754210845,-1.565506979,-0.22035963,-0.541963808,-0.010886377,-0.090002002,-0.064138507,-0.050073738,-0.084516956,-1.450390336,-0.002863333,-0.158469583,-0.153413738,-0.074871539,-0.040245104,-0.090751829,0.577800498,-1.741917326,0.586390822,-0.003645509
2/21/2017 23:00,1.869485046,0.545771852,-0.514249734,-0.561431551,-1.308053495,-0.155008646,-0.390248322,-0.013307789,-0.060060336,-0.082949213,-0.050633287,-0.036345521,-1.143707928,-0.002879549,-0.173820313,-0.107245787,-0.108938218,-0.05540735,-0.193979248,0.536845174,-1.332639873,0.545771852,-0.005256354
2/20/2017 23:00,2.295053356,0.337644722,-0.50661765,-0.559947928,-1.735105428,-0.426315,-0.423268981,-0.004592222,-0.028146516,-0.013906817,-0.050609931,-0.000629907,-1.542140729,-0.066232778,-0.153309931,-0.293031366,-0.126016516,-0.066948183,-0.098532616,0.328613391,-1.966439965,0.337644722,-0.000493137
2/19/2017 23:00,2.429467384,0.32539456,-0.46748081,-1.00992228,-1.419545104,-0.247266829,-0.382501238,-0.005712373,-0.028999722,-0.044557778,-0.050267477,-0.060440035,-1.368160775,-0.05085566,-0.1376325,-0.273062789,-0.039640579,-0.01174375,-0.04612022,0.316427755,-2.11303963,0.32539456,-0.000366887
2/18/2017 23:00,2.241836285,0.294054132,-0.524149248,-0.422747292,-1.819088993,-0.292225613,-0.458340313,-0.004584838,-0.010900938,-0.190295243,-0.05032316,-0.032240648,-1.761583623,-0.181198727,-0.189132211,-0.25792228,-0.041147407,-0.016357963,-0.044905775,0.284221296,-1.957614988,0.294054132,-0.007728021
2/17/2017 23:00,2.277930856,0.258604352,-0.529390544,-0.545733588,-1.732197269,-0.171942593,-0.460632731,-0.004579109,-0.013989329,-0.159613125,-0.050189375,-0.030213623,-1.698989769,-0.289886354,-0.245873669,-0.183726053,-0.020422037,-0.012785463,-0.090073495,0.248983032,-2.028947824,0.258604352,0.000015579
2/16/2017 23:00,1.307951285,0.814274815,-0.410457373,-0.103275324,-1.204675961,-0.240850475,-0.339598669,-0.00454228,-0.015309954,-0.121112037,-0.05100647,-0.028689734,-1.171486412,-0.003007037,-0.164005081,-0.118246435,-0.023979954,-0.009209595,-0.042003333,0.805140058,-0.502811227,0.814274815,-0.000100567
2/15/2017 23:00,1.42287735,0.663389745,-0.391803368,-0.479243125,-0.943634225,-0.127278472,-0.329417569,-0.004488009,-0.006863403,-0.023150266,-0.051034387,-0.030941678,-0.915379132,-0.003057697,-0.118045764,-0.134318368,-0.020182986,-0.008072106,-0.079048461,0.654207488,-0.768669861,0.663389745,-0.000310382
2/14/2017 23:00,1.472315718,0.055670243,-0.443106991,-0.46019434,-1.012121377,-0.117675266,-0.350338472,-0.004741505,-0.037628715,-0.107141933,-0.050398299,-0.000653947,-1.007472292,-0.003043866,-0.139603414,-0.114430463,0.000058044,-0.00470713,-0.093863426,0.043690556,-1.428625162,0.055670243,-0.002119398
2/13/2017 23:00,1.849404583,0.629923762,-0.623179468,-0.642672141,-1.206732442,-0.169990509,-0.501513866,-0.009296215,-0.061861065,-0.013768762,-0.050508322,-0.033263414,-1.179839225,-0.003055475,-0.150691424,-0.103654398,-0.020808866,-0.006084352,-0.046896806,0.62053522,-1.228869363,0.629923762,-0.005299433
2/12/2017 23:00,1.6634711,0.771583947,-0.479066065,-0.404986331,-1.258484769,-0.2007886,-0.358255463,-0.004561146,-0.065585081,-0.065102176,-0.050664375,-0.033866088,-1.232530324,-0.003072917,-0.14907544,-0.208824884,-0.019407894,-0.006546551,-0.047300741,0.762264896,-0.901206204,0.771583947,-0.00032772
2/11/2017 23:00,2.818569907,0.553671713,-0.669082373,-0.530199757,-2.28837015,-0.506027708,-0.545078576,-0.006034792,-0.068089815,-0.090374005,-0.04987919,-0.035328831,-2.216295208,-0.42338294,-0.18287338,-0.226855451,-0.043641157,-0.028433785,-0.082831354,0.544614225,-2.273955683,0.553671713,-0.000060567
2/10/2017 23:00,1.84512735,0.59409537,-0.618467639,-0.479095984,-1.366031366,-0.086243854,-0.504150822,-0.007981227,-0.056283715,-0.218414572,-0.050051875,-0.0007625,-1.339867292,-0.002970417,-0.18315044,-0.143596019,-0.020808611,-0.005355463,-0.059124248,0.585825127,-1.259302222,0.59409537,0.000151215
2/9/2017 23:00,1.6068686,0.378329271,-0.633257743,-0.311366713,-1.295501887,-0.183096782,-0.523259097,-0.006057685,-0.053574664,-0.025914653,-0.050366296,-0.022830231,-1.266249028,-0.016315359,-0.173819583,-0.129089769,-0.02004213,-0.009210729,-0.041277176,0.369164074,-1.237704525,0.378329271,-0.001307234
2/8/2017 23:00,1.96963669,0.33634934,-0.646888669,-0.673648056,-1.295988634,-0.167364919,-0.432818935,-0.03816456,-0.125634375,-0.016770417,-0.050270799,-0.019492002,-1.263484896,-0.076744294,-0.139497037,-0.114036262,-0.020823738,-0.01168,-0.07898147,0.325758565,-1.643878125,0.33634934,-0.007848333
2/7/2017 23:00,2.890767963,0.040268079,-1.159370058,-1.094577164,-1.796190799,-0.152307558,-0.648008021,-0.144855521,-0.319830509,-0.024775093,-0.046676007,-0.031398472,-1.770455093,-0.036803576,-0.139389873,-0.138077049,-0.019267975,-0.006467731,-0.075001609,0.027494838,-2.863273125,0.040268079,0.000136169
2/6/2017 23:00,1.483070313,0,-0.566044618,-0.423634433,-1.05943588,-0.199724144,-0.374923819,-0.078283102,-0.112136157,-0.002760949,-0.000701539,-0.038117801,-1.024272685,-0.123761215,-0.039293264,-0.024165938,-0.023945509,-0.011217685,-0.137780394,-0.002429329,-1.485499641,0,0.000082546
2/5/2017 23:00,0.374475417,0,-0.118365382,-0.132966863,-0.241508553,-0.029219491,-0.074304387,-0.007695729,-0.025157326,-0.004710035,-0.01120794,-0.000227049,-0.240692407,-0.001128681,-0.035242106,-0.030820625,-0.000014606,-0.000801539,0.000013958,-0.004148102,-0.378623519,0,0.000014688
2/4/2017 23:00,2.071486678,0.071083877,-0.671482662,-0.48670309,-1.584783588,-0.330351725,-0.54117294,-0.016097199,-0.064815671,-0.105450961,-0.049396852,-0.02884706,-1.527343299,-0.002993681,-0.151293958,-0.148630995,-0.039585266,-0.017855023,-0.097052894,0.06047588,-2.011010799,0.071083877,-0.000025289
2/3/2017 23:00,1.749738403,0.1430114,-0.708988854,-0.282895162,-1.466843241,-0.125623576,-0.562383229,-0.017398681,-0.079364444,-0.048658438,-0.0498425,-0.03326537,-1.304836574,-0.003083044,-0.165933796,-0.134035868,-0.112918889,-0.049087778,-0.04800294,0.13372456,-1.616013843,0.1430114,-0.007823565
2/2/2017 23:00,1.864729433,0.137696042,-0.829234965,-0.38150397,-1.483225463,-0.159480718,-0.563769271,-0.08118169,-0.134677488,-0.021157731,-0.049606516,-0.000782627,-1.477663947,-0.098421123,-0.1822311,-0.101937095,0.000012095,-0.005573611,-0.047521655,0.127024572,-1.737704861,0.137696042,0.000291088
2/1/2017 23:00,2.279503252,0.53785647,-0.753712708,-0.787727616,-1.491775637,-0.190739919,-0.502207662,-0.063059433,-0.138764699,-0.113574363,-0.049680914,-0.062223137,-1.463423218,-0.010745556,-0.13452897,-0.114337882,-0.02111581,-0.007236609,-0.084433009,0.529316574,-1.750186678,0.53785647,-0.000107766
1/31/2017 23:00,1.944941863,0.493871794,-0.637341979,-0.601810914,-1.343130949,-0.168259074,-0.473856227,-0.017212998,-0.096493727,-0.034800255,-0.049779028,-0.037353241,-1.315188484,-0.091596944,-0.151769132,-0.118894525,-0.01890331,-0.009039155,-0.043365185,0.485086701,-1.459855162,0.493871794,-0.000056296
1/30/2017 23:00,1.863040498,0.445646609,-0.719936782,-0.612222917,-1.250817581,-0.129987604,-0.649903657,-0.004337373,-0.015345845,-0.036197708,-0.050349907,-0.000914664,-1.224060521,-0.003143194,-0.132630706,-0.122103553,-0.019660405,-0.007096655,-0.109780637,0.436039757,-1.427000741,0.445646609,-0.000087801
1/29/2017 23:00,2.33332647,0.232086979,-0.567551296,-0.741471366,-1.591855104,-0.387004468,-0.506125127,-0.004468669,-0.006789803,-0.084653704,-0.050167697,-0.028620949,-1.539800313,-0.080510382,-0.158922894,-0.141928438,-0.03033478,-0.021720012,-0.048869734,0.222174618,-2.111151852,0.232086979,-0.007349352
1/28/2017 23:00,2.538880833,0.240413252,-0.578243958,-0.742732847,-1.796147986,-0.312822731,-0.506327257,-0.004580231,-0.017508183,-0.205259479,-0.049828287,-0.062137731,-1.741607975,-0.179693472,-0.178043495,-0.141716319,-0.039871192,-0.014668819,-0.093900718,0.23059331,-2.308287523,0.240413252,0.000084826
1/27/2017 23:00,1.785279248,0.385891019,-0.600397755,-0.438041782,-1.347237465,-0.200133299,-0.522791516,-0.004411042,-0.022957523,-0.029791354,-0.050237674,-0.030031238,-1.317705394,-0.083472558,-0.165710081,-0.131287616,-0.020102674,-0.009429398,-0.046446169,0.376083275,-1.409195972,0.385891019,0.000021354
1/26/2017 23:00,1.300521481,0.409671053,-0.64736544,-0.108067106,-1.192454375,-0.166667025,-0.574020498,-0.004444248,-0.018187512,-0.024233287,-0.050713183,-0.000940081,-1.164475741,-0.002879259,-0.127543993,-0.11714412,-0.021800046,-0.006178588,-0.040977847,0.400207234,-0.900314248,0.409671053,-0.000028194
1/25/2017 23:00,2.322389479,0.287103553,-0.685102951,-0.769289699,-1.55309978,-0.258210856,-0.602973125,-0.004752894,-0.026894201,-0.044235081,-0.050482731,-0.061251157,-1.517728727,-0.09128103,-0.162726204,-0.135775046,-0.022600741,-0.012770313,-0.112964873,0.277225313,-2.045164167,0.287103553,-0.000191366
1/24/2017 23:00,1.6390211,0.129222928,-0.537900012,-0.516174838,-1.122846262,-0.129404201,-0.406041991,-0.022181192,-0.05953184,-0.019181968,-0.050144988,-0.000759109,-1.096155,-0.085741678,-0.136699537,-0.11804213,-0.021864861,-0.0048264,-0.042780104,0.11928412,-1.519736979,0.129222928,-0.002572801
1/23/2017 23:00,2.107942164,0.358997708,-0.607223981,-0.830583299,-1.277358866,-0.159509815,-0.541493032,-0.004416597,-0.011474838,-0.037199271,-0.049839514,-0.032778796,-1.247184005,-0.01168853,-0.146699722,-0.177807616,-0.020176817,-0.009998044,-0.078839271,0.349074977,-1.758867188,0.358997708,-0.005471262
1/22/2017 23:00,2.244519688,0.367234549,-0.7138939,-0.624589907,-1.61992978,-0.186975116,-0.656761389,-0.004447326,-0.002472292,-0.04621125,-0.050212894,-0.059867199,-1.590205984,-0.068472407,-0.15343147,-0.271205081,-0.022034502,-0.007689294,-0.094363137,0.35730169,-1.887217998,0.367234549,-0.000424213
1/21/2017 23:00,2.242765093,0.161796123,-0.695592025,-0.554168831,-1.688596262,-0.208675856,-0.638555741,-0.004526817,-0.002502824,-0.141183588,-0.050006644,-0.031929757,-1.655680903,-0.10827353,-0.149400174,-0.227164433,-0.021337616,-0.011577743,-0.047655185,0.152485069,-2.090280023,0.161796123,-0.000279525
1/20/2017 23:00,2.143082199,0.371751042,-0.683191597,-0.499879896,-1.643202303,-0.204557905,-0.626259537,-0.004430579,-0.002470961,-0.021636343,-0.050030521,-0.027218611,-1.453595648,-0.101322326,-0.152295498,-0.182262188,-0.131650567,-0.057956088,-0.04757044,0.361466505,-1.781615694,0.371751042,-0.000055567
1/19/2017 23:00,1.595391296,0.23977294,-0.633167627,-0.380849896,-1.2145414,-0.137855417,-0.575950903,-0.004467164,-0.002551169,-0.018178796,-0.050198391,-0.00065934,-1.209628576,-0.094175266,-0.115809051,-0.130188762,0.000081586,-0.00499441,-0.075615625,0.229092454,-1.366298843,0.23977294,-0.000107905
1/18/2017 23:00,1.937425544,0.16040059,-0.551959884,-0.710251736,-1.227173808,-0.149945347,-0.494596343,-0.004527303,-0.002464109,-0.094285613,-0.05037213,-0.031241424,-1.177955926,-0.012566782,-0.122425579,-0.128056713,-0.03852706,-0.010690822,-0.072604549,0.150623009,-1.786802535,0.16040059,-0.007473565
1/17/2017 23:00,2.013760799,0.185563889,-0.535338287,-0.64402537,-1.369735428,-0.19198103,-0.478133426,-0.00449103,-0.002481262,-0.060248056,-0.050232569,-0.029833634,-1.339235891,-0.160274525,-0.140186319,-0.129830081,-0.019932662,-0.010566875,-0.081583079,0.175382234,-1.838378565,0.185563889,-0.000275486
1/16/2017 23:00,2.448524271,0.07734228,-0.657383519,-1.116466806,-1.332057465,-0.189681169,-0.599476076,-0.004458565,-0.00373338,-0.054257442,-0.049715498,-0.059846817,-1.304224838,-0.0096775,-0.141379919,-0.116902512,-0.019263079,-0.008569549,-0.090645891,0.06457838,-2.383945891,0.07734228,0.00010816
1/15/2017 23:00,2.255252396,0.341259815,-0.804899051,-0.485715405,-1.769536991,-0.323810671,-0.73788978,-0.007269236,-0.010260567,-0.060474931,-0.049479468,-0.000860463,-1.71186397,-0.106535463,-0.203100475,-0.136265833,-0.04128956,-0.016383461,-0.048970266,0.331780081,-1.923472315,0.341259815,-0.003341748
1/14/2017 23:00,2.676789317,0.351469352,-0.92122125,-0.563486736,-2.113302581,-0.437590856,-0.864162697,-0.006005382,-0.003350648,-0.039715532,-0.047702523,-0.030148067,-2.045680799,-0.264022882,-0.14408235,-0.134889375,-0.042082824,-0.025538958,-0.093864178,0.342297014,-2.334492303,0.351469352,-0.005118762
1/13/2017 23:00,2.339388171,0.303408229,-1.003287245,-0.486034132,-1.853354039,-0.207271111,-0.954818044,-0.00891265,-0.008625417,-0.17910875,-0.030931134,-0.035394977,-1.822565289,-0.00291559,-0.170141806,-0.146925162,-0.020518218,-0.010270532,-0.044748553,0.294244595,-2.045143576,0.303408229,0.000040266
1/12/2017 23:00,2.136363218,0.334311065,-0.952225,-0.407073264,-1.729289954,-0.153182986,-0.824591609,-0.035523229,-0.059271887,-0.115969861,-0.032838275,-0.030656111,-1.699159491,-0.095111609,-0.164561273,-0.117355949,-0.020667454,-0.009463009,-0.079008947,0.324948808,-1.81141441,0.334311065,0.000135509
1/11/2017 23:00,2.64800875,0.285034387,-1.276961516,-0.663701713,-1.984307037,-0.182709954,-1.1769414,-0.033305289,-0.017466991,-0.042695463,-0.049247836,-0.031642257,-1.955527581,-0.011844861,-0.181764421,-0.153883981,-0.019766539,-0.009012917,-0.048695185,0.276040949,-2.371967801,0.285034387,0.000128958
1/10/2017 23:00,2.605663472,0.263457245,-1.062683368,-0.796685972,-1.8089775,-0.254221898,-0.943101435,-0.026955613,-0.043531516,-0.096875856,-0.049094803,-0.0007939,-1.772277465,-0.002904641,-0.188230313,-0.098551088,-0.022607396,-0.014092639,-0.08715412,0.254283611,-2.351379861,0.263457245,-0.004379734
1/9/2017 23:00,2.765268912,0.150892407,-0.830447315,-1.126192847,-1.639076065,-0.260754572,-0.755212188,-0.015931319,-0.009936319,-0.027671435,-0.049367488,-0.032062002,-1.595030972,-0.003018854,-0.191668634,-0.178405972,-0.027342164,-0.016702928,-0.044844213,0.141613773,-2.623655139,0.150892407,-0.002355972
1/8/2017 23:00,2.189897998,0.150400243,-0.653350671,-0.725626794,-1.464271204,-0.166860185,-0.580436262,-0.01012103,-0.013256609,-0.06307691,-0.049536771,-0.058010613,-1.434836516,-0.003093287,-0.189921736,-0.215400845,-0.020315556,-0.009119132,-0.092449352,0.140011806,-2.049886192,0.150400243,-0.000132338
1/7/2017 23:00,1.699293056,0.020278414,-0.721171759,-0.35588522,-1.343407836,-0.127621123,-0.659700683,-0.007382257,-0.035088542,-0.069122002,-0.019000278,-0.000756343,-1.317409757,-0.00330566,-0.186374688,-0.137559676,-0.019491817,-0.006506262,-0.044592627,0.009004977,-1.690288079,0.020278414,0.000297303
1/6/2017 23:00,2.690912905,0.13720691,-1.058152998,-0.581599618,-2.109313287,-0.298954398,-0.996567801,-0.007667257,-0.035086285,-0.02058647,-0.018831655,-0.029058993,-1.916760556,-0.096673472,-0.192998194,-0.147331609,-0.134660914,-0.057891817,-0.089518044,0.12754206,-2.563370845,0.13720691,0.000298623
1/5/2017 23:00,2.596160243,0.316369248,-1.234197986,-0.480343032,-2.115817211,-0.140593715,-1.154389907,-0.012076238,-0.048680428,-0.095886424,-0.019051412,-0.000722153,-2.108495243,-0.267924907,-0.166465012,-0.135715301,0.000005683,-0.00732765,-0.044827361,0.306991262,-2.289168981,0.316369248,0.000380532
1/4/2017 23:00,2.129724826,0.236883704,-1.083164074,-0.478079051,-1.651645775,-0.112671539,-0.958349132,-0.015172326,-0.090535417,-0.017436377,-0.019107199,-0.03070434,-1.626735637,-0.01251662,-0.166822639,-0.13068978,-0.020171123,-0.004739016,-0.091412454,0.227404005,-1.902320822,0.236883704,-0.001729063
1/3/2017 23:00,1.896533102,0.229226516,-0.990547465,-0.288221204,-1.608311898,-0.208246065,-0.874940833,-0.026385532,-0.058632813,-0.026558646,-0.030588287,-0.000739271,-1.580478843,-0.003064884,-0.170417477,-0.104136944,-0.019614155,-0.0082189,-0.046116736,0.21968897,-1.676844132,0.229226516,-0.004840255
1/2/2017 23:00,2.426918773,0.231552396,-1.041184931,-0.623947303,-1.80297147,-0.182003785,-0.921261181,-0.02863191,-0.042444954,-0.020767708,-0.048846887,-0.06044581,-1.774975613,-0.061899838,-0.06997235,-0.010108183,-0.019278588,-0.008717269,-0.045612164,0.222122199,-2.204796574,0.231552396,0.000075174
1/1/2017 23:00,2.332979363,0.26530566,-1.083637986,-0.249434769,-2.083544595,-0.319270498,-1.010416215,-0.016793924,-0.007570752,-0.093078333,-0.048857095,-0.034081782,-2.019134711,-0.056065104,-0.089433553,0,-0.043331354,-0.02107853,-0.089732824,0.256076725,-2.076902639,0.26530566,0.000109942
12/31/2016 23:00,1.980778785,0.212307338,-0.824845648,-0.449061215,-1.531717569,-0.163685799,-0.76800603,-0.004722176,-0.002664155,-0.034389468,-0.049453287,-0.030214282,-1.49943669,-0.000303657,-0.067081898,0,-0.022455544,-0.009825336,-0.046637488,0.202647292,-1.778131493,0.212307338,0.00007169
12/30/2016 23:00,2.712118565,0.085781667,-0.835556481,-0.827862963,-1.884255602,-0.2438189,-0.779441887,-0.00457485,-0.002454456,-0.116592234,-0.049085289,-0.029976319,-1.854504109,-0.000298426,-0.08115213,0,-0.020554086,-0.009197407,-0.09271419,0.076076042,-2.636042523,0.085781667,-0.006940787
12/29/2016 23:00,2.374241366,0.291426563,-0.714987512,-0.352829977,-2.021411389,-0.199485347,-0.657973565,-0.004535104,-0.002531725,-0.146246412,-0.049947118,-0.06343213,-1.963276817,-0.3338739,-0.069983576,0,-0.04009794,-0.018036632,-0.042549988,0.281576435,-2.092664931,0.291426563,-0.000254641
12/28/2016 23:00,2.75938206,0.056241331,-0.730963009,-0.544731134,-2.214650926,-0.248376586,-0.674121794,-0.004484363,-0.002551007,-0.091666192,-0.049805845,-0.031514155,-2.153992813,-0.532316574,-0.058377998,0,-0.042494352,-0.018163762,-0.066747917,0.045474132,-2.713907928,0.056241331,0.000473299
12/27/2016 23:00,2.442723553,0.259477373,-0.738643576,-0.791348727,-1.651374826,-0.196942546,-0.679868391,-0.004467315,-0.002658519,-0.117507662,-0.051649352,-0.027437014,-1.596177361,-0.00300647,-0.064884213,0,-0.038175764,-0.017021701,-0.122662361,0.249982813,-2.192740741,0.259477373,-0.004395706
12/26/2016 23:00,2.98902397,0.232737639,-0.723941505,-1.077401632,-1.911622338,-0.382285382,-0.667266771,-0.004495104,-0.002733738,-0.115892616,-0.049445891,-0.034752685,-1.83510478,-0.101940023,-0.050083889,0,-0.050192766,-0.026324792,-0.121582708,0.223184213,-2.765839757,0.232737639,-0.005276644
12/25/2016 23:00,2.330974398,0.131640938,-0.771754942,-0.811852303,-1.519122095,-0.120366019,-0.711784352,-0.004884988,-0.00597897,-0.119488646,-0.049106632,-0.027026933,-1.511892951,-0.002893067,-0.060070938,0,-0.000016817,-0.007212326,-0.046685556,0.121149109,-2.209825289,0.131640938,-0.000073183
12/24/2016 23:00,2.253876597,0.249866863,-0.741713426,-0.521135799,-1.732740799,-0.18142787,-0.682509491,-0.004497118,-0.005025127,-0.155715579,-0.04968169,-0.046107269,-1.703560729,-0.003279861,-0.071720208,0,-0.020530035,-0.008650035,-0.092660255,0.240262882,-2.013613715,0.249866863,-0.000492315
12/23/2016 23:00,2.669367025,0.26456735,-0.722115845,-0.497149537,-2.172217488,-0.325600949,-0.658616354,-0.006404306,-0.007577106,-0.215232454,-0.049518079,-0.043046701,-1.95109934,-0.138467002,-0.073146285,0,-0.157758958,-0.06335919,-0.045475058,0.254768565,-2.414598461,0.26456735,-0.005196169
12/22/2016 23:00,2.10106419,0.060097581,-0.758414664,-0.429762778,-1.671301412,-0.189312315,-0.702052361,-0.004393634,-0.002457269,-0.036901806,-0.0495114,-0.059984167,-1.6361175,-0.147545475,-0.042340012,0,-0.021241898,-0.013942014,-0.089010417,0.050758715,-2.050305475,0.060097581,-0.002792523
12/21/2016 23:00,2.871134734,0.099557951,-0.741921169,-0.712239803,-2.158894931,-0.453196007,-0.685334734,-0.004573831,-0.002580752,-0.080450544,-0.049431852,-0.031385799,-2.069396829,-0.324387813,-0.051976644,0,-0.060456759,-0.029041343,-0.045456586,0.090464792,-2.780669942,0.099557951,-0.000012662
12/20/2016 23:00,1.769519884,0.294654502,-0.734984803,-0.329098611,-1.440421273,-0.070098681,-0.678090891,-0.004554664,-0.002472535,-0.199558206,-0.049866713,-0.000802303,-1.41475485,-0.002920093,-0.044300382,0,-0.02001412,-0.005652303,-0.04243603,0.284956181,-1.484563704,0.294654502,-0.000043218
12/19/2016 23:00,1.990761192,0.225440938,-0.718163681,-0.632500463,-1.358260729,-0.115854954,-0.660606991,-0.004460532,-0.002478924,-0.017378912,-0.050617234,-0.029249097,-1.32973919,-0.002975498,-0.049137419,0,-0.020133542,-0.008387998,-0.077882616,0.215632604,-1.775128588,0.225440938,-0.007777222
12/18/2016 23:00,1.853733738,0.074316933,-0.791107882,-0.552998877,-1.300734861,-0.122768646,-0.719048322,-0.009452315,-0.013163796,-0.013429757,-0.049443449,-0.000715961,-1.295631389,-0.002962245,-0.043041713,0,0.000030775,-0.005134248,-0.090388519,0.064658137,-1.789075602,0.074316933,0.000166285
12/17/2016 23:00,3.173747083,0.275164907,-1.111867442,-0.69820919,-2.475537894,-0.603945058,-0.984248877,-0.033160891,-0.045579676,-0.069146632,-0.048877998,-0.06524037,-2.391709074,-0.002915579,-0.049305463,0,-0.05133397,-0.03249485,-0.048168287,0.266106481,-2.907640602,0.275164907,0.000052106
12/16/2016 23:00,3.44644941,0.146861898,-1.295793044,-0.837018264,-2.609431146,-0.390427188,-1.196853472,-0.013683958,-0.036887778,-0.119424838,-0.048367836,-0.030085127,-2.543714792,-0.130082847,-0.063720856,0,-0.044861215,-0.020855139,-0.092622234,0.137867442,-3.308581968,0.146861898,-0.004327836
12/15/2016 23:00,2.916284942,0.21482934,-1.013552153,-0.456781528,-2.459503414,-0.426002465,-0.962804977,-0.006554826,-0.007703218,-0.164389086,-0.036489132,-0.000913241,-2.381705532,-0.228517384,-0.042947778,0,-0.05128272,-0.026515162,-0.044801968,0.205459502,-2.71082544,0.21482934,-0.004934711
12/14/2016 23:00,2.685372292,0.269944595,-0.80135397,-0.65487441,-2.030497882,-0.29526713,-0.757706667,-0.015739954,-0.008618646,-0.066753067,-0.019288704,-0.058914282,-1.970213356,-0.257387662,-0.041197581,0,-0.043504063,-0.016780463,-0.04563441,0.26046397,-2.424908322,0.269944595,0.000066435
12/13/2016 23:00,2.25120809,0.224064641,-0.810578322,-0.673639954,-1.577568137,-0.148524688,-0.773381968,-0.008728681,-0.009201007,-0.044797477,-0.019266667,-0.000777743,-1.54474772,-0.136887951,-0.054864919,0,-0.021077639,-0.011742778,-0.071352431,0.2144861,-2.036721991,0.224064641,0.000010382
12/12/2016 23:00,2.372512581,0.168260671,-0.717373472,-0.893828657,-1.478683924,-0.114359861,-0.691241181,-0.004437894,-0.00245125,-0.017340231,-0.019243148,-0.029745706,-1.446530532,-0.140832153,-0.050516169,0,-0.021329988,-0.010823403,-0.115809236,0.158457743,-2.214054838,0.168260671,0.000329363
12/11/2016 23:00,1.845443866,0.07173934,-0.708251053,-0.591581713,-1.253862153,-0.082789653,-0.682103576,-0.004451134,-0.002430567,-0.019616296,-0.019265775,-0.000728391,-1.231121701,-0.002979259,-0.046070104,0,-0.019071829,-0.003668623,-0.097479201,0.061921539,-1.783522326,0.07173934,-0.005595694
12/10/2016 23:00,2.357480301,0.132174919,-0.72021728,-0.53941287,-1.818067431,-0.382315683,-0.693958148,-0.00445419,-0.002517836,-0.090819977,-0.019287106,-0.032307025,-1.743511192,-0.064903935,-0.060648773,0,-0.037797222,-0.036759016,-0.045174907,0.122373507,-2.235106794,0.132174919,-0.002126192
12/9/2016 23:00,2.32106684,0.125798773,-0.718598148,-0.667980394,-1.653086447,-0.16523559,-0.689957917,-0.005084722,-0.004143275,-0.138402176,-0.019412234,-0.031845648,-1.462275625,-0.002963056,-0.0470936,0,-0.138349433,-0.052461389,-0.082866204,0.115497419,-2.205569421,0.125798773,0.000407604
12/8/2016 23:00,2.037975938,0.014350486,-0.859989479,-0.533685683,-1.504290255,-0.124736007,-0.792882512,-0.013517454,-0.022398981,-0.020510266,-0.031190532,-0.000745046,-1.499937928,-0.003010532,-0.046715694,0,0.000088472,-0.004440799,-0.04584478,0.002198912,-2.035777025,0.014350486,0.000036516
12/7/2016 23:00,2.632909734,0.221800637,-0.941321655,-0.820245012,-1.812664722,-0.260064236,-0.872739606,-0.030913056,-0.003704051,-0.088241829,-0.033964942,-0.033267361,-1.75715,-0.01656581,-0.049149155,0,-0.039950139,-0.015564583,-0.08573397,0.212278356,-2.420631377,0.221800637,0.000284884
12/6/2016 23:00,2.092087604,0.218353322,-0.99182787,-0.344757766,-1.747329838,-0.163748924,-0.90686412,-0.032532847,-0.002519664,-0.126371887,-0.049911238,-0.030358958,-1.730893067,-0.072628067,-0.047588692,0,-0.010435394,-0.006001377,-0.045773796,0.208865046,-1.883222558,0.218353322,-0.007449792
12/5/2016 23:00,2.744574063,0.228555081,-0.788345208,-0.796510729,-1.948063333,-0.235701944,-0.724559722,-0.011285602,-0.002539896,-0.067199063,-0.049959988,-0.032073148,-1.897078519,-0.406092778,-0.048256192,0,-0.033554826,-0.017429988,-0.079015162,0.219026678,-2.525547384,0.228555081,0.000231424
12/4/2016 23:00,2.236300799,0.100403206,-0.7483225,-0.734154664,-1.502146134,-0.277991678,-0.69062456,-0.00529309,-0.002477141,-0.03378434,-0.049927708,-0.032255498,-1.465362095,-0.00119191,-0.051662164,0,-0.023518206,-0.013265833,-0.095624919,0.090538576,-2.145762222,0.100403206,0.000157731
12/3/2016 23:00,1.50822831,0.216384178,-0.702923553,-0.05012985,-1.458098461,-0.287150706,-0.645534688,-0.00442625,-0.002498079,-0.021251852,-0.050464537,-0.024078218,-1.415640868,-0.001178299,-0.049117303,0,-0.027461505,-0.014996088,-0.047731678,0.206062153,-1.302166157,0.216384178,-0.000020521
12/2/2016 23:00,1.563379468,0.129980498,-0.653154282,-0.362794144,-1.200585324,-0.104536667,-0.595783611,-0.004444641,-0.002462396,-0.020157025,-0.050463634,-0.000946296,-1.176492176,-0.001198194,-0.046267025,0,-0.01908765,-0.005005498,-0.047629815,0.12011463,-1.443264838,0.129980498,0.000074491
12/1/2016 23:00,1.834946597,0.105370231,-0.654946042,-0.678919317,-1.15602728,-0.086542789,-0.597150671,-0.004482824,-0.002475382,-0.017659317,-0.050837164,-0.00075272,-1.130710162,-0.001194479,-0.049691944,0,-0.020376863,-0.004940255,-0.048275266,0.094055706,-1.740890891,0.105370231,-0.000756875
11/30/2016 23:00,2.700959086,0.160232326,-0.704627882,-0.847097593,-1.853861493,-0.239277454,-0.646968194,-0.004493137,-0.00255853,-0.020709745,-0.050608021,-0.032126678,-1.817474722,-0.383568229,-0.050447523,0,-0.021412813,-0.014973958,-0.090340231,0.150350625,-2.550608461,0.160232326,-0.007369236
11/29/2016 23:00,1.605997859,0.229828218,-0.61840816,-0.181548808,-1.424449051,-0.307381586,-0.560614757,-0.004488044,-0.002527813,-0.040302535,-0.050777546,-0.027811725,-1.386278229,-0.001705706,-0.044320729,0,-0.022752326,-0.015418495,-0.047358368,0.220169757,-1.385828102,0.229828218,0.000151181
11/28/2016 23:00,1.818058368,0.270854178,-0.65289022,-0.499013252,-1.319045116,-0.144360648,-0.594935509,-0.004728877,-0.002493623,-0.026499745,-0.050732211,-0.000820035,-1.290023322,-0.001754063,-0.047222095,0,-0.020779549,-0.008242245,-0.047771505,0.260529097,-1.557529271,0.270854178,-0.00014809
11/27/2016 23:00,2.229535301,0.272179039,-0.691134745,-0.721769005,-1.507766296,-0.202426076,-0.6335564,-0.004491713,-0.002498414,-0.043857292,-0.050588218,-0.056976991,-1.479227292,-0.001768646,-0.051313854,0,-0.02076338,-0.007775625,-0.091370671,0.261874641,-1.96766066,0.272179039,-0.000618079
11/26/2016 23:00,2.678070683,0.063447407,-0.663564873,-0.773737905,-1.904332778,-0.34886316,-0.604394039,-0.004537824,-0.00435956,-0.142914282,-0.050273449,-0.034066192,-1.8425936,-0.001693542,-0.07029434,0,-0.040811678,-0.0209275,-0.048205961,0.052202465,-2.625868218,0.063447407,-0.007592141
11/25/2016 23:00,1.635980868,0.159595602,-0.593645995,-0.402791424,-1.233189444,-0.057798519,-0.502296123,-0.033812558,-0.006739861,-0.027798264,-0.050797454,-0.000915764,-1.08370397,-0.001779826,-0.035291748,0,-0.102387454,-0.047098021,-0.048206921,0.148505336,-1.487475532,0.159595602,-0.000184942
11/24/2016 23:00,1.260863044,0.304861968,-0.526632975,-0.402529225,-0.858333819,-0.039044329,-0.425989826,-0.047240231,-0.002432789,-0.013989491,-0.050970127,-0.000905961,-0.858441007,-0.00179978,-0.030492025,0,0.000004248,0.00010294,-0.09543456,0.295021354,-0.96584169,0.304861968,-0.00024037
11/23/2016 23:00,1.160689745,0.030546609,-0.460478681,-0.366470405,-0.79421934,-0.04540691,-0.37060485,-0.036818171,-0.002411713,-0.013933773,-0.050643947,-0.000897025,-0.794271262,-0.001796169,-0.028096898,0,-0.000034965,0.000086887,-0.048264259,0.019514062,-1.141175683,0.030546609,-0.00021066
11/22/2016 23:00,1.757119803,0.244685289,-0.434939167,-0.224247535,-1.532872269,-0.289869352,-0.375721042,-0.005964271,-0.002540116,-0.183868727,-0.050713738,-0.053907928,-1.481596632,-0.099023565,-0.06386463,0,-0.039465498,-0.011810139,-0.046778345,0.234816644,-1.52230316,0.244685289,0.000071655
11/21/2016 23:00,2.004656725,0.177011574,-0.491015532,-0.560016343,-1.444640382,-0.237316701,-0.432984086,-0.00458419,-0.002540822,-0.127566597,-0.050906435,-0.034804225,-1.411846574,-0.078223287,-0.07829235,0,-0.020361181,-0.012432627,-0.046307164,0.166243218,-1.838413507,0.177011574,0.000227558
11/20/2016 23:00,1.332280208,0.342932188,-0.447938194,-0.248719144,-1.083561065,-0.115947153,-0.389668889,-0.004588924,-0.002506134,-0.069342419,-0.051174248,-0.000853322,-1.058420787,-0.002736806,-0.049976979,0,-0.019499456,-0.005640822,-0.04823485,0.333169931,-0.999110278,0.342932188,0.000358472
11/19/2016 23:00,1.652399444,0.130761806,-0.335283588,-0.288823819,-1.363575625,-0.225637234,-0.276992546,-0.004891713,-0.002532963,-0.200319468,-0.050866366,-0.061191435,-1.330453345,-0.002732338,-0.062620093,0,-0.019903356,-0.013218924,-0.086776169,0.120574016,-1.531825428,0.130761806,-0.007488056
11/18/2016 23:00,1.582761076,0.228963449,-0.398950845,-0.344529583,-1.238231493,-0.204343171,-0.335259688,-0.010314248,-0.002478009,-0.065594757,-0.0508989,-0.000699583,-1.126265567,-0.002854988,-0.057202697,0,-0.074649606,-0.037316319,-0.088686204,0.218919363,-1.363841713,0.228963449,0.000065498
11/17/2016 23:00,2.130777014,0.167653519,-0.474011771,-0.167816933,-1.962960081,-0.376818831,-0.396634641,-0.024039225,-0.002595694,-0.217502824,-0.050742211,-0.060844363,-1.83370691,-0.263269201,-0.059389815,0,-0.081875185,-0.047377986,0.000264387,0.157584745,-1.973192269,0.167653519,0.000140637
11/16/2016 23:00,2.2254125,0.367123588,-0.426479456,-0.630801632,-1.594610868,-0.159787153,-0.36400919,-0.008832824,-0.002558426,-0.150789294,-0.051079016,-0.000702581,-1.476996308,-0.371386111,-0.054520255,0,-0.082342465,-0.035272095,-0.079402963,0.357623472,-1.867789028,0.367123588,0.000049595
11/15/2016 23:00,1.255422546,0.276781852,-0.408133681,-0.156950567,-1.098471979,-0.151013588,-0.345849132,-0.008778947,-0.002469491,-0.037153576,-0.051036111,-0.05679147,-1.020259583,-0.010517245,-0.051729028,0,-0.046168252,-0.032044144,-0.040755984,0.266389965,-0.989032581,0.276781852,-0.00053669
11/14/2016 23:00,1.42525412,0.400972755,-0.302166215,-0.372448241,-1.05280588,-0.149397257,-0.243841539,-0.004553669,-0.002485266,-0.028914977,-0.051285741,-0.000806435,-0.951799595,-0.123034109,-0.057431609,0,-0.066534433,-0.034471852,-0.042713912,0.390354456,-1.034899664,0.400972755,-0.007778438
11/13/2016 23:00,1.395322569,0.353104873,-0.2361589,-0.273670671,-1.121651898,-0.157656296,-0.177756759,-0.004518079,-0.002480127,-0.029609745,-0.051403935,-0.062466343,-1.013798414,-0.043225729,-0.057140405,0,-0.07279397,-0.035059514,-0.043404271,0.343091655,-1.052230914,0.353104873,-0.00013765
11/12/2016 23:00,1.630652245,0.103019873,-0.217778912,-0.333195486,-1.297456759,-0.302903692,-0.159738542,-0.00452985,-0.00249809,-0.108142338,-0.051012431,-0.000804016,-1.175480463,-0.010322685,-0.045315856,0,-0.077855359,-0.044120938,-0.042834398,0.092055972,-1.538596273,0.103019873,-0.00010956
11/11/2016 23:00,1.861290787,0.251126956,-0.200607847,-0.246673542,-1.614617245,-0.176273333,-0.142280602,-0.004596632,-0.00251456,-0.128468333,-0.051216053,-0.065772917,-1.351994942,-0.15400184,-0.066584815,0,-0.181911597,-0.080710706,-0.07888213,0.240910174,-1.620380613,0.251126956,-0.000349502
11/10/2016 23:00,1.156688322,0.31222338,-0.317439144,-0.084072488,-1.072615833,-0.12386809,-0.258792477,-0.004572593,-0.002524132,-0.090216933,-0.051549942,-0.000738484,-0.976624583,-0.002717407,-0.048749757,0,-0.065366794,-0.030624456,-0.037559688,0.302311678,-0.854376644,0.31222338,-0.004244699
11/9/2016 23:00,1.331108067,0.386675463,-0.338606238,-0.319467685,-1.011640382,-0.109273542,-0.280042454,-0.004509942,-0.002506481,-0.018620648,-0.051547361,-0.012514468,-0.916008843,-0.002746389,-0.054563484,0,-0.063016725,-0.032614815,-0.043110012,0.377228692,-0.953879375,0.386675463,-0.002403727
11/8/2016 23:00,1.330399259,0.353933495,-0.288795984,-0.34122331,-0.989175949,-0.169829653,-0.229803403,-0.004527326,-0.002527569,-0.025235694,-0.051937685,-0.016983183,-0.909230741,-0.002753542,-0.055222025,0,-0.047490081,-0.032455127,-0.042598808,0.343663241,-0.986736019,0.353933495,0.000102882
11/7/2016 23:00,1.461901863,0.411850567,-0.327343576,-0.422736563,-1.039165301,-0.154058808,-0.267755775,-0.004605752,-0.002554965,-0.046905023,-0.052427083,-0.027939502,-0.926349421,-0.002798461,-0.046462963,0,-0.078591539,-0.03422434,-0.039965486,0.401596736,-1.060305127,0.411850567,0.000011088
11/6/2016 23:00,1.283877303,0.302711042,-0.33405066,-0.302173183,-0.98170412,-0.104106458,-0.274663206,-0.004578333,-0.002531713,-0.02732375,-0.052277407,-0.000705486,-0.902839248,-0.002805324,-0.040076192,0,-0.047635463,-0.03122941,-0.088934144,0.292669606,-0.991207697,0.302711042,-0.000043553
11/6/2016 0:00,1.379426528,0.430493252,-0.364653264,-0.039192512,-1.340234016,-0.339549074,-0.305313704,-0.004558831,-0.002587477,-0.044300822,-0.052193252,-0.023730255,-1.21710728,-0.077610197,-0.042848831,0,-0.077255174,-0.045871563,-0.041780995,0.420656944,-0.958769583,0.430493252,-0.002850938
11/5/2016 0:00,1.36191044,0.061853113,-0.322994838,-0.044301632,-1.317608808,-0.197971262,-0.263985903,-0.004591215,-0.002566493,-0.074938368,-0.051851227,-0.031223808,-1.207613438,-0.240779178,-0.051712477,0,-0.07458566,-0.035409711,-0.042931377,0.050428715,-1.311481725,0.061853113,-0.005111377
11/4/2016 0:00,1.70846625,0.499998426,-0.395369514,-0.039633056,-1.668833194,-0.204613461,-0.335890521,-0.004705498,-0.002647292,-0.182451678,-0.052126204,-0.031814826,-1.565443715,-0.353582731,-0.05402478,0,-0.0659839,-0.037405579,-0.040443403,0.490534421,-1.217931829,0.499998426,0.000127512
11/3/2016 0:00,1.516413403,0.426553148,-0.330913646,-0.397021713,-1.11939169,-0.118795324,-0.271171863,-0.00460044,-0.002554456,-0.058197257,-0.052586887,-0.000806412,-1.003801076,-0.001157465,-0.063925752,0,-0.082981134,-0.032609479,-0.043113194,0.417215289,-1.099198113,0.426553148,-0.000373866
11/2/2016 0:00,1.28477787,0.105491435,-0.381056644,-0.117407454,-1.167370417,-0.160963322,-0.321798356,-0.004551215,-0.002542199,-0.026872662,-0.052164873,-0.027872951,-1.080718935,-0.001140185,-0.051169051,0,-0.054658657,-0.031992824,-0.042436539,0.094283484,-1.190494387,0.105491435,-0.000286157
11/1/2016 0:00,1.949390023,0.302690451,-0.369714838,-0.682430023,-1.26696,-0.256741644,-0.310303912,-0.004608866,-0.002578426,-0.066767373,-0.052223634,-0.031209236,-1.163192662,-0.01548706,-0.059705382,0,-0.064435139,-0.039332199,-0.085291319,0.292199525,-1.657190498,0.302690451,-0.004847465
10/31/2016 0:00,1.152612292,0.391549016,-0.419542442,-0.039433947,-1.113178345,-0.173731701,-0.360202813,-0.004602569,-0.002556481,-0.021847743,-0.052180579,-0.026311725,-1.005920093,-0.002969248,-0.048407326,0,-0.073484873,-0.03377338,-0.043393079,0.37990706,-0.772705231,0.391549016,-0.002509479
10/30/2016 0:00,1.724639988,0.164919896,-0.468177049,-0.041456227,-1.683183762,-0.353079248,-0.409178854,-0.004607894,-0.002613935,-0.085172847,-0.051776366,-0.030997188,-1.527018507,-0.182602049,-0.052997593,0,-0.100147558,-0.056017697,-0.04498287,0.154353021,-1.570286968,0.164919896,0.000153958
10/29/2016 0:00,2.211615532,0.239879433,-0.343628438,-0.045304757,-2.166310775,-0.32383765,-0.284028553,-0.004833113,-0.002702963,-0.295745116,-0.052063808,-0.057732882,-1.896544653,-0.245667546,-0.060247303,0,-0.185695324,-0.084070799,-0.043130891,0.229533252,-1.98208228,0.239879433,-0.002981748
10/28/2016 0:00,1.669538507,0.463303218,-0.34264015,-0.042756088,-1.626782419,-0.243525405,-0.282865185,-0.00469728,-0.00263265,-0.106136308,-0.052445035,-0.059100486,-1.500565822,-0.249178275,-0.049531574,0,-0.084999433,-0.041217164,-0.040656921,0.453606227,-1.21593228,0.463303218,-0.005312199
10/27/2016 0:00,1.473865648,0.215123426,-0.367170475,-0.381737269,-1.09212838,-0.167577604,-0.307698681,-0.004590949,-0.002565648,-0.034591979,-0.052315197,-0.000761123,-0.998615995,-0.002821563,-0.047952083,0,-0.061103843,-0.032408542,-0.042797685,0.204352627,-1.269513021,0.215123426,0.000182743
10/26/2016 0:00,1.089739236,0.051849248,-0.369837766,-0.038867153,-1.050872083,-0.129178704,-0.310318657,-0.004622488,-0.002554363,-0.044983519,-0.052342257,-0.026689039,-0.973736713,-0.002841713,-0.049569699,0,-0.047169086,-0.029966285,-0.041909977,0.039383079,-1.050356157,0.051849248,0.000096262
10/25/2016 0:00,1.644757523,0.387309225,-0.364906204,-0.527817963,-1.11693956,-0.16807353,-0.305163692,-0.004640602,-0.002574352,-0.052166609,-0.052527558,-0.028778831,-1.001190486,-0.011142662,-0.051028252,0,-0.078421227,-0.037327847,-0.076814236,0.378012488,-1.266745035,0.387309225,0.000105938
10/24/2016 0:00,1.463439086,0.100020984,-0.355581007,-0.132322755,-1.331116331,-0.257364259,-0.296066134,-0.004619687,-0.002593993,-0.049455926,-0.052301192,-0.020936597,-1.220327477,-0.085870602,-0.059614097,0,-0.069668032,-0.041120822,-0.04166309,0.089585741,-1.373853345,0.100020984,-0.006677975
10/23/2016 0:00,2.239626863,0.446703472,-0.295799549,-0.087994236,-2.151632627,-0.544455567,-0.23588419,-0.004836227,-0.002741123,-0.307584468,-0.052338009,-0.053607025,-1.98027,-0.187534375,-0.084333449,0,-0.11499772,-0.056364907,-0.043372211,0.437515451,-1.802111412,0.446703472,0.000113414
10/22/2016 0:00,1.132755602,0.554292894,-0.375962292,-0.04457787,-1.088177731,-0.116258137,-0.316218866,-0.004635289,-0.00256772,-0.029691806,-0.052540417,-0.017995405,-0.993167894,-0.069750058,-0.044191782,0,-0.063621794,-0.031388044,-0.043604606,0.544390532,-0.588365069,0.554292894,0.000165104
10/21/2016 0:00,1.711094155,0.362092986,-0.326675046,-0.039574769,-1.671519387,-0.457581771,-0.266745521,-0.004808819,-0.00268816,-0.284027014,-0.052432546,-0.04039294,-1.562404306,-0.002783866,-0.058012731,0,-0.065529815,-0.043585266,-0.042031829,0.352131725,-1.358962431,0.362092986,-0.000594433
10/20/2016 0:00,1.660497477,0.342332697,-0.340157106,-0.534252604,-1.126244873,-0.177008785,-0.280347523,-0.004709711,-0.002578935,-0.088397998,-0.052520938,-0.029023935,-1.025529699,-0.002836065,-0.058507153,0,-0.066771979,-0.033943194,-0.07937566,0.331930926,-1.328566551,0.342332697,-0.007581829
10/19/2016 0:00,1.489257743,0.274568403,-0.386591771,-0.157217905,-1.332039838,-0.153188681,-0.326675428,-0.004729664,-0.002596134,-0.128765475,-0.052590544,-0.026120498,-1.232333843,-0.002898461,-0.050613681,0,-0.066560313,-0.033145683,-0.040537315,0.264511771,-1.224745972,0.274568403,0.000038553
10/18/2016 0:00,1.777050995,0.480628264,-0.330636806,-0.428144896,-1.3489061,-0.143660035,-0.270733738,-0.004751655,-0.002594016,-0.1197725,-0.052557396,-0.029290949,-1.239720799,-0.003021655,-0.04904515,0,-0.074887523,-0.034297778,-0.043338623,0.471108762,-1.305942234,0.480628264,-0.000027002
10/17/2016 0:00,1.653354525,0.360717986,-0.363692894,-0.241293322,-1.412061204,-0.203289248,-0.307571921,-0.004715845,-0.00261147,-0.119734676,-0.048793657,-0.028606586,-1.308927616,-0.114094711,-0.045222141,0,-0.064904363,-0.038229225,-0.042356748,0.35089081,-1.302463715,0.360717986,0.000352245
10/16/2016 0:00,1.473308958,0.246069282,-0.344633542,-0.318137187,-1.155171771,-0.122016921,-0.285137199,-0.00471647,-0.002578414,-0.121635069,-0.052201458,-0.028681065,-1.03939566,-0.01172816,-0.044229769,0,-0.083335741,-0.03244037,-0.042428125,0.235479421,-1.237829537,0.246069282,-0.002391111
10/15/2016 0:00,1.417387801,0.104923252,-0.347594259,-0.044787951,-1.37259985,-0.117333356,-0.288603646,-0.004584317,-0.002541181,-0.028858356,-0.051865116,-0.03147235,-1.136422002,-0.087632569,-0.050871169,0,-0.160332512,-0.075845336,-0.042191898,0.095062639,-1.322325162,0.104923252,-0.00482669
10/14/2016 0:00,1.704266574,0.171395208,-0.303252176,-0.093951377,-1.610315197,-0.3594839,-0.243474699,-0.004942847,-0.00264853,-0.243224063,-0.0521861,-0.043721204,-1.486452315,-0.081598819,-0.065586539,0,-0.079739236,-0.044123646,-0.074011528,0.158875544,-1.54539103,0.171395208,0.000124421
10/13/2016 0:00,2.076770116,0.081078079,-0.325957396,-0.657185,-1.419585116,-0.168862002,-0.266681748,-0.004779317,-0.002564537,-0.019039005,-0.051931794,-0.030879757,-1.2977586,-0.277166389,-0.048154664,0,-0.084471539,-0.037354977,-0.042806806,0.070119988,-2.006650127,0.081078079,0.000185613
10/12/2016 0:00,1.322603611,0.75026162,-0.38559566,-0.058370764,-1.264232847,-0.160084618,-0.325629525,-0.004816343,-0.002568657,-0.023409896,-0.052581134,-0.005080069,-1.186054711,-0.086786458,-0.05057485,0,-0.046024086,-0.032154051,-0.043624317,0.741040694,-0.581562917,0.75026162,-0.002511655
10/11/2016 0:00,2.083238889,0.759566991,-0.360415289,-0.664527697,-1.418711192,-0.199065185,-0.300555833,-0.00491441,-0.002589479,-0.1671186,-0.052355567,-0.046758484,-1.302264722,-0.003779063,-0.057025093,0,-0.082443507,-0.034002963,-0.041959201,0.750293113,-1.332945775,0.759566991,-0.005405775
10/10/2016 0:00,1.627663576,0.590328889,-0.382603646,-0.151073935,-1.476589641,-0.147927373,-0.322467847,-0.0050364,-0.00262022,-0.281684931,-0.052479178,-0.018916713,-1.381984595,-0.003945162,-0.059131748,0,-0.063661192,-0.030943854,-0.044038831,0.58058831,-1.047075266,0.590328889,-0.000249884
10/9/2016 0:00,2.048480266,0.396747164,-0.276621586,-0.161812188,-1.886668079,-0.347398912,-0.216945938,-0.004990463,-0.00267022,-0.293230961,-0.052014965,-0.056785231,-1.773809745,-0.254093796,-0.061091782,0,-0.069369745,-0.043488588,-0.087128588,0.384453611,-1.664026655,0.396747164,-0.000430127
10/8/2016 0:00,1.481968183,0.17281272,-0.238714444,-0.072905081,-1.409063102,-0.204877801,-0.179224456,-0.004974201,-0.002595116,-0.2414886,-0.051920671,-0.042041366,-1.299698194,-0.128286771,-0.051249236,0,-0.071890417,-0.037474491,-0.041938218,0.1620575,-1.319910683,0.17281272,-0.000070197
10/7/2016 0:00,1.280279248,0.508791435,-0.281303148,-0.03082941,-1.249449838,-0.239701412,-0.221197384,-0.004932546,-0.002605231,-0.140716863,-0.052567986,-0.066497222,-1.149954653,-0.003655949,-0.054774803,0,-0.064823472,-0.034671713,-0.034977546,0.49835566,-0.781923588,0.508791435,-0.006988958
10/6/2016 0:00,2.106819155,0.462515301,-0.270843194,-0.489934259,-1.616884896,-0.244721863,-0.210932106,-0.00488191,-0.002629676,-0.101967708,-0.052399502,-0.055472674,-1.480285949,-0.341941921,-0.060850451,0,-0.094557859,-0.042041088,-0.044916574,0.45288316,-1.653935995,0.462515301,0.000187963
10/5/2016 0:00,1.162017998,0.454957326,-0.300172234,-0.183269572,-0.978748426,-0.0873589,-0.239946817,-0.004936458,-0.002577998,-0.157910197,-0.052710961,-0.032273657,-0.903616169,-0.00375353,-0.050603553,0,-0.04647787,-0.028654387,-0.043459745,0.444957685,-0.717060313,0.454957326,-0.000082407
10/4/2016 0:00,1.474695972,0.46724853,-0.330993704,-0.404455336,-1.070240637,-0.163612211,-0.271341609,-0.004768299,-0.002548646,-0.039771644,-0.05233515,-0.03139941,-0.954222975,-0.00370816,-0.067032153,0,-0.080813171,-0.035204491,-0.044861713,0.457176678,-1.017519294,0.46724853,0.000133565
10/3/2016 0:00,1.069077477,0.611063704,-0.318967569,-0.164236157,-0.904841319,-0.100179306,-0.259374803,-0.004812025,-0.002542014,-0.089394236,-0.052238727,-0.000732755,-0.826772141,-0.003714178,-0.050010463,0,-0.047763183,-0.030305995,-0.044395556,0.601826644,-0.467250833,0.611063704,-0.000027662
10/2/2016 0:00,1.440124502,0.945126076,-0.351050162,-0.150356875,-1.289767627,-0.287863669,-0.291350845,-0.004799977,-0.002598171,-0.081648623,-0.052301169,-0.030473194,-1.167596528,-0.003739722,-0.05807853,0,-0.079906516,-0.042264583,-0.044867789,0.936051539,-0.504072963,0.945126076,-0.007331481
10/1/2016 0:00,1.615368368,0.367030127,-0.234710625,-0.11514875,-1.500219618,-0.174129688,-0.174805579,-0.00493515,-0.002607697,-0.192885127,-0.052362199,-0.064775266,-1.243812894,-0.179470845,-0.068831956,0,-0.177892523,-0.078514201,-0.045708403,0.357316933,-1.258051435,0.367030127,0.00000456
9/30/2016 0:00,0.923297963,0.894531377,-0.08403522,-0.052689618,-0.870608345,-0.14755537,-0.023695197,-0.004932338,-0.002568449,-0.111119734,-0.052839236,-0.000873264,-0.764485961,-0.104296782,-0.051596863,0,-0.06974794,-0.036374444,-0.045801157,0.885064306,-0.038233657,0.894531377,-0.000058403
